{"cameraMode":{"drawMode":0,"name":"Shaded","section":"Shading Mode"},"sceneLighting":false,"audioPlay":false,"sceneViewState":{"m_AlwaysRefresh":false,"showFog":true,"showSkybox":false,"showFlares":true,"showImageEffects":true,"showParticleSystems":true,"showVisualEffectGraphs":true,"m_FxEnabled":false},"in2DMode":false,"pivot":{"x":-97.21215057373047,"y":1.0457849502563477,"z":-214.40640258789063},"rotation":{"x":0.001021906966343522,"y":0.9972941279411316,"z":-0.0737450122833252,"w":0.012906495481729508},"size":0.29798099398612978,"orthographic":false}