{"cameraMode":{"drawMode":0,"name":"Shaded","section":"Shading Mode"},"sceneLighting":true,"audioPlay":false,"sceneViewState":{"m_AlwaysRefresh":false,"showFog":true,"showSkybox":true,"showFlares":true,"showImageEffects":true,"showParticleSystems":true,"showVisualEffectGraphs":true,"m_FxEnabled":true},"in2DMode":false,"pivot":{"x":-295.97406005859377,"y":6.8010687828063969,"z":-176.98020935058595},"rotation":{"x":0.05310150980949402,"y":-0.689179539680481,"z":0.05072442814707756,"w":0.7208979725837708},"size":0.46975553035736086,"orthographic":false}