{"cameraMode":{"drawMode":0,"name":"Shaded","section":"Shading Mode"},"sceneLighting":true,"audioPlay":false,"sceneViewState":{"m_AlwaysRefresh":false,"showFog":true,"showSkybox":true,"showFlares":true,"showImageEffects":true,"showParticleSystems":true,"showVisualEffectGraphs":true,"m_FxEnabled":false},"in2DMode":false,"pivot":{"x":-112.25164031982422,"y":-2.3803043365478517,"z":-205.28395080566407},"rotation":{"x":0.2660771310329437,"y":-0.023131823167204858,"z":0.006391699891537428,"w":0.9636631011962891},"size":27.52165985107422,"orthographic":false}