{"cameraMode":{"drawMode":0,"name":"Shaded","section":"Shading Mode"},"sceneLighting":true,"audioPlay":false,"sceneViewState":{"m_AlwaysRefresh":false,"showFog":true,"showSkybox":true,"showFlares":true,"showImageEffects":true,"showParticleSystems":true,"showVisualEffectGraphs":true,"m_FxEnabled":false},"in2DMode":false,"pivot":{"x":408.1109924316406,"y":265.90753173828127,"z":-28.052967071533204},"rotation":{"x":-0.09275462478399277,"y":-0.6837717294692993,"z":0.08319266140460968,"w":-0.7196993231773377},"size":186.17408752441407,"orthographic":false}