{"cameraMode":{"drawMode":0,"name":"Shaded","section":"Shading Mode"},"sceneLighting":true,"audioPlay":false,"sceneViewState":{"m_AlwaysRefresh":false,"showFog":true,"showSkybox":true,"showFlares":true,"showImageEffects":true,"showParticleSystems":true,"showVisualEffectGraphs":true,"m_FxEnabled":true},"in2DMode":false,"pivot":{"x":0.7126986980438232,"y":1.9001519680023194,"z":0.2412165403366089},"rotation":{"x":-0.13192735612392426,"y":-0.00889259111136198,"z":0.001176344114355743,"w":-0.9912804961204529},"size":5.688554286956787,"orthographic":false}