{"cameraMode":{"drawMode":0,"name":"Shaded","section":"Shading Mode"},"sceneLighting":true,"audioPlay":false,"sceneViewState":{"m_AlwaysRefresh":false,"showFog":true,"showSkybox":true,"showFlares":true,"showImageEffects":true,"showParticleSystems":true,"showVisualEffectGraphs":true,"m_FxEnabled":false},"in2DMode":false,"pivot":{"x":-190.6999969482422,"y":1.2837231159210206,"z":-150.1999969482422},"rotation":{"x":-0.013442612253129483,"y":-0.9539673924446106,"z":0.04325854778289795,"w":-0.29670074582099917},"size":1.4608420133590699,"orthographic":false}