{"cameraMode":{"drawMode":0,"name":"Shaded","section":"Shading Mode"},"sceneLighting":true,"audioPlay":false,"sceneViewState":{"m_AlwaysRefresh":false,"showFog":true,"showSkybox":true,"showFlares":true,"showImageEffects":true,"showParticleSystems":true,"showVisualEffectGraphs":true,"m_FxEnabled":false},"in2DMode":false,"pivot":{"x":-217.58639526367188,"y":7.695009231567383,"z":-34.533809661865237},"rotation":{"x":0.19971047341823579,"y":-0.6760916709899902,"z":0.19832952320575715,"w":0.6809593439102173},"size":18.330537796020509,"orthographic":false}