{"cameraMode":{"drawMode":0,"name":"Shaded","section":"Shading Mode"},"sceneLighting":true,"audioPlay":false,"sceneViewState":{"m_AlwaysRefresh":false,"showFog":true,"showSkybox":true,"showFlares":true,"showImageEffects":true,"showParticleSystems":true,"showVisualEffectGraphs":true,"m_FxEnabled":false},"in2DMode":false,"pivot":{"x":1.8880945444107056,"y":0.8485876321792603,"z":-214.0953369140625},"rotation":{"x":-0.06744451820850373,"y":0.011381561867892743,"z":-0.0007684010197408497,"w":-0.9976613521575928},"size":34.61490249633789,"orthographic":false}