{"cameraMode":{"drawMode":0,"name":"Shaded","section":"Shading Mode"},"sceneLighting":true,"audioPlay":false,"sceneViewState":{"m_AlwaysRefresh":false,"showFog":true,"showSkybox":true,"showFlares":true,"showImageEffects":true,"showParticleSystems":true,"showVisualEffectGraphs":true,"m_FxEnabled":false},"in2DMode":false,"pivot":{"x":85.65531158447266,"y":11.384963989257813,"z":-193.22689819335938},"rotation":{"x":0.21924921870231629,"y":0.12366601079702378,"z":-0.028223061934113504,"w":0.9673866033554077},"size":119.47016906738281,"orthographic":false}