{"cameraMode":{"drawMode":0,"name":"Shaded","section":"Shading Mode"},"sceneLighting":true,"audioPlay":false,"sceneViewState":{"m_AlwaysRefresh":false,"showFog":true,"showSkybox":true,"showFlares":true,"showImageEffects":true,"showParticleSystems":true,"showVisualEffectGraphs":true,"m_FxEnabled":true},"in2DMode":false,"pivot":{"x":0.3153897821903229,"y":1.6467677354812623,"z":0.5562635064125061},"rotation":{"x":0.13788986206054688,"y":-0.4588131308555603,"z":0.07228285819292069,"w":0.8748771548271179},"size":4.533689975738525,"orthographic":false}