{"cameraMode":{"drawMode":0,"name":"Shaded","section":"Shading Mode"},"sceneLighting":true,"audioPlay":false,"sceneViewState":{"m_AlwaysRefresh":false,"showFog":true,"showSkybox":true,"showFlares":true,"showImageEffects":true,"showParticleSystems":true,"showVisualEffectGraphs":true,"m_FxEnabled":true},"in2DMode":false,"pivot":{"x":-329.97503662109377,"y":-42.276485443115237,"z":-177.38485717773438},"rotation":{"x":0.33724164962768557,"y":-0.350399374961853,"z":0.13586093485355378,"w":0.8634676337242127},"size":109.05553436279297,"orthographic":false}