{"cameraMode":{"drawMode":0,"name":"Shaded","section":"Shading Mode"},"sceneLighting":true,"audioPlay":false,"sceneViewState":{"m_AlwaysRefresh":false,"showFog":true,"showSkybox":true,"showFlares":true,"showImageEffects":true,"showParticleSystems":true,"showVisualEffectGraphs":true,"m_FxEnabled":true},"in2DMode":false,"pivot":{"x":6.540488243103027,"y":2.8899855613708498,"z":-216.2322235107422},"rotation":{"x":0.10158920288085938,"y":-0.10246942937374115,"z":0.010517437011003495,"w":0.9894888401031494},"size":23.794355392456056,"orthographic":false}