{"cameraMode":{"drawMode":0,"name":"Shaded","section":"Shading Mode"},"sceneLighting":true,"audioPlay":false,"sceneViewState":{"m_AlwaysRefresh":false,"showFog":true,"showSkybox":true,"showFlares":true,"showImageEffects":true,"showParticleSystems":true,"showVisualEffectGraphs":true,"m_FxEnabled":false},"in2DMode":false,"pivot":{"x":-300.69390869140627,"y":0.39514636993408205,"z":-215.48651123046876},"rotation":{"x":-0.031633470207452777,"y":0.8978831171989441,"z":-0.07894760370254517,"w":-0.43324413895606997},"size":62.20891571044922,"orthographic":false}