{"cameraMode":{"drawMode":0,"name":"Shaded","section":"Shading Mode"},"sceneLighting":true,"audioPlay":false,"sceneViewState":{"m_AlwaysRefresh":false,"showFog":true,"showSkybox":true,"showFlares":true,"showImageEffects":true,"showParticleSystems":true,"showVisualEffectGraphs":true,"m_FxEnabled":false},"in2DMode":false,"pivot":{"x":-228.289794921875,"y":-0.24637937545776368,"z":-132.38043212890626},"rotation":{"x":0.15428388118743897,"y":0.006217902526259422,"z":0.0024642853531986477,"w":0.9885162115097046},"size":72.4627685546875,"orthographic":false}