{"cameraMode":{"drawMode":0,"name":"Shaded","section":"Shading Mode"},"sceneLighting":true,"audioPlay":false,"sceneViewState":{"m_AlwaysRefresh":false,"showFog":true,"showSkybox":true,"showFlares":true,"showImageEffects":true,"showParticleSystems":true,"showVisualEffectGraphs":true,"m_FxEnabled":false},"in2DMode":false,"pivot":{"x":-286.75531005859377,"y":-16.405025482177736,"z":-233.78782653808595},"rotation":{"x":0.23823107779026032,"y":0.12760882079601289,"z":-0.030180707573890687,"w":0.9627119898796082},"size":22.681785583496095,"orthographic":false}