{"cameraMode":{"drawMode":0,"name":"Shaded","section":"Shading Mode"},"sceneLighting":true,"audioPlay":false,"sceneViewState":{"m_AlwaysRefresh":false,"showFog":true,"showSkybox":true,"showFlares":true,"showImageEffects":true,"showParticleSystems":true,"showVisualEffectGraphs":true,"m_FxEnabled":false},"in2DMode":false,"pivot":{"x":2.4435830116271974,"y":2.320054054260254,"z":-253.68536376953126},"rotation":{"x":0.09694056212902069,"y":0.4926610589027405,"z":-0.055435795336961749,"w":0.863094687461853},"size":17.708162307739259,"orthographic":false}