{"cameraMode":{"drawMode":0,"name":"Shaded","section":"Shading Mode"},"sceneLighting":true,"audioPlay":false,"sceneViewState":{"m_AlwaysRefresh":false,"showFog":true,"showSkybox":true,"showFlares":true,"showImageEffects":true,"showParticleSystems":true,"showVisualEffectGraphs":true,"m_FxEnabled":false},"in2DMode":false,"pivot":{"x":4.258964538574219,"y":2.316650867462158,"z":-238.8026580810547},"rotation":{"x":-0.19603340327739716,"y":-0.028491169214248658,"z":0.005889627151191235,"w":-0.9801738262176514},"size":1.6833539009094239,"orthographic":false}