{"cameraMode":{"drawMode":0,"name":"Shaded","section":"Shading Mode"},"sceneLighting":true,"audioPlay":false,"sceneViewState":{"m_AlwaysRefresh":false,"showFog":true,"showSkybox":true,"showFlares":true,"showImageEffects":true,"showParticleSystems":true,"showVisualEffectGraphs":true,"m_FxEnabled":false},"in2DMode":false,"pivot":{"x":-304.6116027832031,"y":1.1839529275894166,"z":-200.68605041503907},"rotation":{"x":-0.0009531026589684188,"y":-0.9981316924095154,"z":-0.016161061823368074,"w":0.058748841285705569},"size":1.169938325881958,"orthographic":false}