{"cameraMode":{"drawMode":0,"name":"Shaded","section":"Shading Mode"},"sceneLighting":true,"audioPlay":false,"sceneViewState":{"m_AlwaysRefresh":false,"showFog":true,"showSkybox":true,"showFlares":true,"showImageEffects":true,"showParticleSystems":true,"showVisualEffectGraphs":true,"m_FxEnabled":false},"in2DMode":false,"pivot":{"x":-158.1617889404297,"y":9.953500747680664,"z":-62.64691925048828},"rotation":{"x":0.3414039611816406,"y":0.010830076411366463,"z":-0.002516784006729722,"w":0.9401701092720032},"size":26.070743560791017,"orthographic":false}