{"cameraMode":{"drawMode":0,"name":"Shaded","section":"Shading Mode"},"sceneLighting":true,"audioPlay":false,"sceneViewState":{"m_AlwaysRefresh":false,"showFog":true,"showSkybox":true,"showFlares":true,"showImageEffects":true,"showParticleSystems":true,"showVisualEffectGraphs":true,"m_FxEnabled":false},"in2DMode":false,"pivot":{"x":33.97175598144531,"y":-128.43124389648438,"z":192.87985229492188},"rotation":{"x":-0.10092681646347046,"y":-0.1317833960056305,"z":0.013499679043889046,"w":-0.9860652685165405},"size":320.6429748535156,"orthographic":false}