{"cameraMode":{"drawMode":0,"name":"Shaded","section":"Shading Mode"},"sceneLighting":true,"audioPlay":false,"sceneViewState":{"m_AlwaysRefresh":false,"showFog":true,"showSkybox":true,"showFlares":true,"showImageEffects":true,"showParticleSystems":true,"showVisualEffectGraphs":true,"m_FxEnabled":false},"in2DMode":false,"pivot":{"x":152.98277282714845,"y":156.710693359375,"z":16.35504150390625},"rotation":{"x":-0.09914359450340271,"y":0.016160989180207254,"z":-0.0016272360226139427,"w":-0.9950234293937683},"size":437.2970886230469,"orthographic":false}