{"cameraMode":{"drawMode":0,"name":"Shaded","section":"Shading Mode"},"sceneLighting":false,"audioPlay":false,"sceneViewState":{"m_AlwaysRefresh":false,"showFog":true,"showSkybox":false,"showFlares":true,"showImageEffects":true,"showParticleSystems":true,"showVisualEffectGraphs":true,"m_FxEnabled":false},"in2DMode":false,"pivot":{"x":-0.00024606287479400635,"y":0.15086442232131959,"z":-0.0007059276103973389},"rotation":{"x":0.09085119515657425,"y":0.6283062696456909,"z":-0.07381148636341095,"w":0.769247829914093},"size":0.9775542616844177,"orthographic":false}