{"cameraMode":{"drawMode":0,"name":"Shaded","section":"Shading Mode"},"sceneLighting":false,"audioPlay":false,"sceneViewState":{"m_AlwaysRefresh":false,"showFog":true,"showSkybox":false,"showFlares":true,"showImageEffects":true,"showParticleSystems":true,"showVisualEffectGraphs":true,"m_FxEnabled":false},"in2DMode":false,"pivot":{"x":118.94001770019531,"y":41.064659118652347,"z":-202.3565673828125},"rotation":{"x":-0.00926586426794529,"y":-0.9772042632102966,"z":0.20767062902450562,"w":-0.043722085654735568},"size":2.4535531997680666,"orthographic":false}