{"cameraMode":{"drawMode":0,"name":"Shaded","section":"Shading Mode"},"sceneLighting":false,"audioPlay":false,"sceneViewState":{"m_AlwaysRefresh":false,"showFog":true,"showSkybox":false,"showFlares":true,"showImageEffects":true,"showParticleSystems":true,"showVisualEffectGraphs":true,"m_FxEnabled":true},"in2DMode":false,"pivot":{"x":0.3153897821903229,"y":-0.1532321721315384,"z":0.5562635064125061},"rotation":{"x":0.17271359264850617,"y":-0.587043046951294,"z":0.12989678978919984,"w":0.7802780866622925},"size":0.3336901366710663,"orthographic":false}