{"cameraMode":{"drawMode":0,"name":"Shaded","section":"Shading Mode"},"sceneLighting":false,"audioPlay":false,"sceneViewState":{"m_AlwaysRefresh":false,"showFog":true,"showSkybox":false,"showFlares":true,"showImageEffects":true,"showParticleSystems":true,"showVisualEffectGraphs":true,"m_FxEnabled":false},"in2DMode":false,"pivot":{"x":-0.7379516363143921,"y":0.48810797929763796,"z":0.7422377467155457},"rotation":{"x":0.0543193481862545,"y":-0.8056955933570862,"z":0.07458814233541489,"w":0.5851776003837586},"size":3.2660253047943117,"orthographic":false}